id,price,sale_price
0,45.0,45.0
1,35.0,35.0
2,22.0,
3,30.0,
4,44.95,44.95
5,40.0,40.0
6,35.0,35.0
7,30.0,30.0
8,20.0,13.98
9,39.95,39.95
10,39.0,39.0
11,30.0,
12,38.0,38.0
13,45.0,
14,26.0,26.0
15,30.0,30.0
16,19.0,11.4
17,36.0,
18,22.0,10.19
19,28.0,28.0
20,44.0,44.0
21,19.0,19.0
22,38.0,
23,29.0,17.4
24,30.0,18.0
25,18.0,18.0
26,32.0,
27,27.0,27.0
28,28.0,28.0
29,30.0,15.0
30,45.0,45.0
31,35.0,35.0
32,45.0,45.0
33,8.0,
34,29.5,29.5
35,23.0,
36,39.95,39.95
37,29.5,29.5
38,12.0,12.0
39,10.0,6.0
40,28.0,28.0
41,24.0,
42,45.0,25.69
43,14.0,12.0
44,39.0,39.0
45,29.0,
46,18.0,18.0
47,36.0,
48,35.0,
49,23.0,
50,39.0,
51,39.0,23.4
52,45.0,45.0
53,29.0,17.4
54,38.0,38.0
55,38.0,
56,45.0,45.0
57,28.0,
58,18.0,18.0
59,38.0,
60,34.0,34.0
61,39.0,39.0
62,35.0,26.25
63,22.0,10.99
64,25.0,25.0
65,45.0,20.25
66,17.0,17.0
67,28.0,
68,19.0,
69,24.0,
70,32.0,32.0
71,35.0,35.0
72,16.0,7.98
73,29.5,
74,21.0,
75,39.95,39.95
76,36.0,36.0
77,36.0,36.0
78,30.0,
79,16.0,
80,15.0,
81,42.0,42.0
82,24.5,24.5
83,14.0,14.0
84,19.0,
85,32.0,32.0
86,25.0,25.0
87,34.0,
88,39.0,23.4
89,26.0,13.0
90,40.0,40.0
91,34.0,23.8
92,15.0,9.75
93,39.0,24.0
94,26.0,
95,35.0,35.0
96,9.99,
97,35.99,35.99
98,18.5,18.5
99,25.0,19.99
100,44.0,
101,20.0,
102,35.0,35.0
103,25.0,25.0
104,38.0,38.0
105,35.0,35.0
106,32.0,19.2
107,35.0,
108,9.5,
109,44.0,44.0
110,27.0,27.0
111,12.5,12.5
112,36.0,36.0
113,45.0,20.25
114,25.0,25.0
115,30.0,22.5
116,10.0,
117,25.0,19.99
118,14.95,
119,29.0,
120,17.0,
121,30.0,
122,33.0,33.0
123,39.0,32.66
124,34.0,34.0
125,39.5,39.5
126,44.0,
127,45.0,45.0
128,35.0,21.0
129,38.0,38.0
130,38.0,27.0
131,40.0,40.0
132,25.0,14.98
133,22.5,18.0
134,30.0,
135,8.0,
136,42.0,
137,35.0,20.98
138,28.0,28.0
139,28.0,29.0
140,44.0,
141,24.0,24.0
142,20.0,
143,44.0,26.4
144,18.0,
145,24.0,18.0
146,42.0,40.0
147,30.0,
148,16.0,
149,28.0,28.0
150,44.5,44.5
151,38.0,28.5
152,45.0,
153,24.0,
154,20.0,16.0
155,16.5,16.5
156,42.0,42.0
157,34.0,34.0
158,24.99,
159,44.0,
160,22.0,
161,32.95,32.95
162,23.0,
163,40.0,40.0
164,42.0,
165,32.0,19.2
166,28.0,
167,6.0,6.0
168,27.0,27.0
169,14.0,
170,30.0,16.49
171,38.0,37.0
172,22.0,22.0
173,24.0,
174,32.0,32.0
175,12.5,12.5
176,29.0,29.0
177,45.0,45.0
178,41.0,41.0
179,10.0,10.0
180,22.0,
181,29.95,29.95
182,29.99,
183,22.0,22.0
184,14.0,
185,28.0,
186,30.0,30.0
187,42.0,42.0
188,18.0,18.0
189,12.0,
190,35.0,35.0
191,38.0,
192,43.0,43.0
193,12.0,
194,32.0,11.2
195,35.0,21.0
196,30.0,9.9
197,14.0,
198,24.0,
199,65.0,
200,58.0,43.5
201,58.0,46.4
202,60.0,60.0
203,68.0,40.8
204,58.0,34.8
205,63.0,63.0
206,67.0,33.5
207,59.0,59.0
208,65.0,65.0
209,48.0,48.0
210,55.0,55.0
211,49.0,49.0
212,55.0,32.98
213,48.0,
214,49.0,49.0
215,45.0,45.0
216,55.0,55.0
217,59.0,35.4
218,58.0,58.0
219,55.0,
220,49.0,29.4
221,48.0,48.0
222,62.0,
223,55.0,55.0
224,58.0,43.5
225,46.0,
226,55.0,32.98
227,58.0,
228,66.95,66.95
229,57.0,
230,55.0,
231,65.0,65.0
232,65.0,
233,58.0,
234,52.0,25.98
235,47.0,
236,58.0,
237,55.0,55.0
238,60.0,60.0
239,65.0,48.75
240,60.0,20.0
241,50.0,
242,58.0,58.0
243,48.0,36.0
244,60.0,60.0
245,48.0,
246,59.0,59.0
247,60.0,45.0
248,50.0,50.0
249,65.0,65.0
250,67.0,67.0
251,49.0,49.0
252,48.0,48.0
253,46.0,
254,48.0,48.0
255,63.0,
256,58.0,58.0
257,67.0,39.99
258,55.0,27.49
259,65.0,65.0
260,49.0,49.0
261,54.0,54.0
262,49.0,49.0
263,65.0,59.0
264,65.0,39.0
265,65.0,65.0
266,48.0,48.0
267,67.0,32.0
268,59.0,59.0
269,59.0,
270,59.0,
271,59.0,
272,45.0,
273,64.95,25.98
274,64.0,48.0
275,50.0,24.99
276,58.0,
277,54.0,54.0
278,59.0,17.63
279,55.0,
280,55.0,55.0
281,56.0,
282,49.5,39.6
283,48.0,48.0
284,60.0,
285,56.0,56.0
286,62.0,62.0
287,55.0,55.0
288,65.0,65.0
289,68.0,
290,50.0,50.0
291,60.0,
292,49.0,49.0
293,50.0,50.0
294,54.0,
295,65.0,65.0
296,59.0,59.0
297,49.95,49.95
298,55.0,55.0
299,49.5,49.5
300,53.0,53.0
301,56.0,56.0
302,48.0,48.0
303,54.0,
304,58.0,58.0
305,59.0,35.4
306,68.0,33.98
307,48.0,48.0
308,65.0,
309,65.0,
310,52.0,52.0
311,64.0,64.0
312,65.0,65.0
313,59.0,59.0
314,45.0,26.98
315,50.0,50.0
316,50.0,
317,55.0,33.0
318,58.0,34.8
319,50.0,
320,52.0,36.4
321,65.0,
322,50.0,30.0
323,49.95,39.96
324,45.0,27.0
325,54.0,54.0
326,59.0,
327,54.0,54.0
328,64.0,64.0
329,65.0,
330,65.0,39.0
331,63.0,
332,59.5,59.5
333,67.0,
334,54.0,
335,55.0,55.0
336,55.0,
337,49.0,49.0
338,52.0,52.0
339,52.0,52.0
340,46.0,46.0
341,59.0,
342,66.0,
343,60.0,60.0
344,65.0,
345,59.99,59.99
346,65.0,65.0
347,60.0,60.0
348,60.0,49.99
349,56.0,35.7
350,60.0,
351,59.0,59.0
352,64.0,38.4
353,60.0,60.0
354,59.95,23.98
355,53.0,23.85
356,45.0,
357,65.0,65.0
358,58.0,58.0
359,55.0,55.0
360,65.0,65.0
361,55.0,55.0
362,64.0,64.0
363,50.0,37.5
364,54.0,54.0
365,58.0,
366,60.0,60.0
367,65.0,65.0
368,59.95,59.95
369,55.0,26.0
370,48.0,48.0
371,55.0,55.0
372,49.5,49.5
373,60.0,45.0
374,45.0,45.0
375,60.0,60.0
376,65.0,
377,60.0,39.99
378,59.0,59.0
379,59.0,59.0
380,61.0,61.0
381,55.0,
382,65.0,65.0
383,65.0,46.0
384,68.0,40.8
385,56.0,56.0
386,53.0,
387,50.0,
388,55.0,55.0
389,65.0,65.0
390,64.0,
391,60.0,51.0
392,46.0,
393,58.0,58.0
394,48.0,48.0
395,59.95,59.95
396,68.0,47.6
397,48.0,28.8
398,70.0,
399,70.0,
400,74.0,67.0
401,75.0,75.0
402,75.0,
403,79.0,59.25
404,80.0,80.0
405,75.0,75.0
406,69.5,69.5
407,75.0,52.0
408,75.0,75.0
409,69.0,
410,80.0,80.0
411,79.0,
412,79.0,78.0
413,73.0,
414,89.0,84.0
415,79.5,
416,69.0,69.0
417,78.0,78.0
418,68.0,
419,78.0,
420,68.0,68.0
421,78.0,78.0
422,78.0,
423,69.0,
424,89.0,
425,70.0,
426,78.0,50.7
427,85.0,85.0
428,88.0,43.98
429,75.0,75.0
430,88.95,88.95
431,85.0,85.0
432,75.0,
433,84.0,83.0
434,68.0,
435,79.0,75.0
436,85.0,85.0
437,88.0,88.0
438,75.0,49.99
439,85.0,85.0
440,79.95,79.95
441,88.0,88.0
442,78.0,
443,88.0,
444,78.0,78.0
445,68.95,68.95
446,76.0,76.0
447,80.0,80.0
448,69.99,69.99
449,75.0,
450,78.0,78.0
451,85.0,68.0
452,88.0,
453,78.0,78.0
454,75.0,75.0
455,85.0,85.0
456,68.0,68.0
457,79.0,79.0
458,69.0,55.0
459,88.0,
460,75.0,75.0
461,69.0,69.0
462,76.0,
463,74.0,74.0
464,88.0,66.0
465,75.0,75.0
466,88.0,
467,88.95,62.26
468,79.5,
469,69.0,41.4
470,89.0,89.0
471,74.0,74.0
472,82.0,
473,85.0,85.0
474,68.0,40.8
475,88.95,53.37
476,78.0,46.8
477,88.0,
478,78.0,54.6
479,85.0,85.0
480,85.0,
481,88.0,
482,87.0,65.25
483,72.0,72.0
484,70.0,
485,79.0,79.0
486,68.0,40.8
487,70.0,54.99
488,80.0,56.0
489,84.0,59.0
490,86.0,
491,80.0,
492,78.0,40.95
493,78.0,78.0
494,75.0,63.75
495,88.0,88.0
496,88.0,66.0
497,75.0,75.0
498,79.0,79.0
499,88.0,88.0
500,70.0,42.0
501,69.0,69.0
502,88.0,
503,69.0,
504,68.95,68.95
505,75.0,44.98
506,70.0,66.0
507,68.0,68.0
508,85.0,25.5
509,89.0,89.0
510,89.0,76.0
511,70.0,
512,88.0,88.0
513,78.0,55.0
514,68.0,68.0
515,79.0,79.0
516,78.95,46.8
517,79.0,79.0
518,74.0,74.0
519,84.0,84.0
520,76.0,
521,87.0,61.0
522,87.0,87.0
523,79.5,
524,78.0,73.49
525,88.0,
526,75.0,75.0
527,85.0,45.0
528,68.0,
529,75.0,
530,87.0,65.25
531,78.0,78.0
532,72.0,57.6
533,80.0,
534,78.0,
535,88.0,44.0
536,80.0,
537,88.0,88.0
538,69.5,55.6
539,85.0,
540,68.0,55.0
541,88.0,
542,78.0,
543,69.0,69.0
544,88.0,52.8
545,88.0,88.0
546,75.0,75.0
547,69.0,69.0
548,68.0,41.0
549,86.4,
550,80.0,
551,87.0,
552,70.0,56.0
553,79.0,79.0
554,75.0,75.0
555,80.0,
556,88.0,66.0
557,70.0,
558,75.0,37.49
559,85.0,
560,88.0,26.33
561,68.0,68.0
562,76.0,65.0
563,88.0,88.0
564,78.0,78.0
565,75.0,24.99
566,79.0,
567,69.0,
568,76.0,64.6
569,75.0,75.0
570,86.0,68.8
571,84.95,33.98
572,75.0,
573,77.0,77.0
574,69.5,
575,78.0,46.8
576,88.95,88.95
577,75.0,75.0
578,78.0,
579,85.0,
580,79.0,23.63
581,70.0,70.0
582,75.0,75.0
583,74.0,74.0
584,84.0,33.6
585,88.0,
586,88.0,88.0
587,80.0,80.0
588,70.0,49.99
589,88.0,
590,78.0,
591,75.0,
592,88.0,
593,82.0,82.0
594,79.0,79.0
595,72.0,43.2
596,70.0,
597,99.0,99.0
598,109.0,109.0
599,109.0,81.0
600,98.0,
601,95.0,95.0
602,95.0,39.97
603,108.0,
604,100.0,
605,98.0,98.0
606,95.0,66.5
607,98.0,39.2
608,95.0,95.0
609,89.5,
610,89.0,89.0
611,99.0,79.2
612,100.0,50.0
613,100.0,99.0
614,108.0,
615,93.0,93.0
616,89.0,89.0
617,95.0,95.0
618,89.5,
619,99.0,99.0
620,99.0,99.0
621,90.0,69.99
622,100.0,
623,99.0,99.0
624,109.0,
625,98.0,29.0
626,90.0,74.99
627,99.0,49.5
628,105.0,
629,99.95,99.95
630,108.0,
631,98.0,98.0
632,105.0,74.0
633,106.0,106.0
634,90.0,54.0
635,99.0,79.2
636,98.0,
637,100.0,
638,98.0,73.5
639,92.0,
640,98.5,
641,109.0,77.0
642,99.0,99.0
643,99.95,99.95
644,109.0,
645,95.0,
646,108.0,108.0
647,100.0,
648,99.0,99.0
649,99.0,99.0
650,102.0,92.0
651,95.0,95.0
652,108.0,
653,104.0,
654,91.0,91.0
655,95.0,95.0
656,89.95,89.95
657,90.0,
658,100.0,100.0
659,105.0,79.99
660,99.95,99.95
661,90.0,90.0
662,105.0,80.0
663,94.0,94.0
664,89.0,53.4
665,95.0,95.0
666,89.5,
667,98.0,98.0
668,101.0,101.0
669,90.0,90.0
670,98.0,58.8
671,90.0,
672,98.0,58.8
673,95.0,48.0
674,96.0,96.0
675,99.95,39.98
676,95.0,95.0
677,90.0,70.0
678,98.0,98.0
679,98.0,
680,99.95,49.97
681,98.0,98.0
682,90.0,
683,99.95,47.31
684,109.0,109.0
685,105.0,
686,90.0,72.0
687,99.0,
688,98.0,98.0
689,95.0,
690,105.0,63.0
691,109.0,109.0
692,96.0,96.0
693,98.0,98.0
694,99.0,
695,89.95,89.95
696,105.0,
697,100.0,
698,98.0,87.99
699,98.95,98.95
700,95.0,95.0
701,100.0,100.0
702,89.95,89.95
703,98.0,98.0
704,100.0,100.0
705,98.0,98.0
706,99.0,99.0
707,99.0,
708,94.95,94.95
709,90.0,
710,90.0,90.0
711,98.0,65.66
712,95.0,47.49
713,98.0,83.3
714,107.0,69.0
715,89.95,89.95
716,89.95,59.95
717,98.0,
718,98.95,98.95
719,102.0,
720,92.0,92.0
721,100.0,80.0
722,89.5,89.5
723,98.0,
724,96.0,
725,108.0,45.36
726,100.0,
727,98.0,98.0
728,108.0,108.0
729,99.95,99.95
730,109.0,109.0
731,98.0,80.0
732,98.0,73.5
733,99.95,39.98
734,92.0,
735,89.0,89.0
736,92.0,82.0
737,109.0,65.4
738,90.0,
739,94.95,94.95
740,99.0,99.0
741,104.0,83.0
742,109.95,59.99
743,89.5,
744,90.0,
745,105.0,
746,108.0,
747,100.0,
748,104.0,104.0
749,92.0,92.0
750,89.5,89.5
751,98.0,58.8
752,105.0,
753,100.0,100.0
754,98.95,44.5
755,100.0,
756,90.0,90.0
757,95.0,
758,96.0,96.0
759,98.0,98.0
760,91.0,82.0
761,90.0,
762,98.0,98.0
763,100.0,
764,92.0,92.0
765,92.0,74.0
766,98.0,98.0
767,93.0,93.0
768,95.0,95.0
769,100.0,
770,102.0,102.0
771,90.0,90.0
772,104.0,93.0
773,105.0,
774,98.0,98.0
775,100.0,100.0
776,100.0,
777,108.0,64.8
778,93.0,93.0
779,99.95,99.95
780,89.0,
781,89.95,35.98
782,105.0,
783,98.0,98.0
784,95.0,
785,89.95,35.98
786,99.99,
787,100.0,70.0
788,100.0,100.0
789,103.0,103.0
790,98.0,98.0
791,100.0,
792,90.0,
793,109.0,109.0
794,98.0,58.8
795,98.0,
796,125.0,99.99
797,129.0,129.0
798,125.0,
799,109.95,59.98
800,115.0,
801,118.0,82.6
802,120.0,120.0
803,115.0,
804,128.0,90.0
805,129.0,129.0
806,125.0,
807,118.0,118.0
808,127.0,
809,125.0,
810,120.0,120.0
811,115.0,
812,129.0,129.0
813,128.0,128.0
814,119.99,119.99
815,127.0,127.0
816,120.0,
817,130.0,
818,126.0,126.0
819,120.0,
820,114.0,
821,118.0,118.0
822,125.0,125.0
823,128.0,38.33
824,129.95,129.95
825,130.0,
826,125.0,125.0
827,116.0,115.0
828,115.0,
829,115.0,
830,115.0,115.0
831,125.0,125.0
832,130.0,65.0
833,115.0,115.0
834,128.0,128.0
835,119.0,119.0
836,119.95,119.95
837,130.0,109.99
838,128.0,
839,129.0,77.4
840,110.0,
841,128.0,89.6
842,126.0,126.0
843,115.0,86.25
844,119.0,83.0
845,130.0,82.88
846,114.0,
847,119.0,108.0
848,125.0,125.0
849,115.0,80.0
850,130.0,
851,110.0,43.98
852,117.0,116.0
853,130.0,
854,110.0,110.0
855,129.0,129.0
856,128.0,128.0
857,120.0,72.0
858,130.0,
859,130.0,
860,125.0,
861,123.0,123.0
862,116.0,116.0
863,128.0,
864,125.0,
865,115.0,
866,130.0,97.5
867,120.0,120.0
868,109.95,87.38
869,125.0,125.0
870,110.0,
871,120.0,
872,120.0,108.0
873,118.0,118.0
874,125.0,
875,120.0,
876,127.0,127.0
877,128.0,95.0
878,110.0,
879,125.0,125.0
880,119.0,119.0
881,115.0,115.0
882,128.0,76.8
883,114.95,92.0
884,120.0,120.0
885,125.0,
886,115.0,115.0
887,110.0,110.0
888,115.0,115.0
889,125.0,93.75
890,120.0,120.0
891,128.0,76.8
892,125.0,
893,115.0,
894,110.0,77.0
895,115.0,
896,115.0,115.0
897,112.0,112.0
898,127.0,114.0
899,110.0,
900,119.95,119.95
901,119.0,
902,128.0,128.0
903,120.0,120.0
904,119.95,119.95
905,129.0,129.0
906,125.0,125.0
907,120.0,72.0
908,128.0,128.0
909,120.0,120.0
910,128.0,128.0
911,129.0,
912,125.0,125.0
913,128.0,128.0
914,120.0,120.0
915,128.0,115.0
916,125.0,61.0
917,110.0,57.75
918,125.0,
919,125.0,75.0
920,120.0,120.0
921,120.0,
922,119.0,119.0
923,127.0,120.0
924,109.95,43.98
925,129.0,
926,125.0,
927,119.0,83.3
928,110.0,109.95
929,119.95,119.95
930,130.0,
931,129.0,
932,115.0,
933,120.0,120.0
934,119.0,71.4
935,129.0,129.0
936,119.0,119.0
937,123.0,123.0
938,128.0,128.0
939,115.0,115.0
940,128.0,
941,120.0,
942,120.0,
943,128.0,128.0
944,128.0,76.8
945,125.0,125.0
946,115.0,115.0
947,125.0,
948,130.0,51.98
949,130.0,130.0
950,115.0,
951,116.0,81.0
952,125.0,94.0
953,120.0,120.0
954,110.0,
955,128.0,102.4
956,120.0,120.0
957,120.0,
958,130.0,130.0
959,110.0,
960,130.0,78.0
961,115.0,34.43
962,129.0,129.0
963,130.0,
964,125.0,75.0
965,130.0,130.0
966,124.95,107.9
967,125.0,125.0
968,119.0,119.0
969,130.0,129.0
970,117.0,117.0
971,130.0,
972,118.0,
973,119.95,119.95
974,116.0,104.0
975,129.0,129.0
976,110.0,110.0
977,124.0,
978,125.0,65.63
979,116.0,116.0
980,125.0,125.0
981,115.0,115.0
982,110.0,82.46
983,128.0,49.99
984,118.0,
985,115.0,69.0
986,122.0,122.0
987,109.95,109.95
988,125.0,
989,128.0,128.0
990,119.95,47.98
991,130.0,
992,129.0,129.0
993,129.98,
994,119.95,119.95
995,138.0,96.6
996,145.0,145.0
997,151.0,144.0
998,145.0,145.0
999,150.0,150.0
1000,152.0,152.0
1001,138.0,138.0
1002,138.0,82.8
1003,150.0,
1004,154.0,154.0
1005,155.0,
1006,159.0,159.0
1007,156.0,156.0
1008,145.0,145.0
1009,145.0,145.0
1010,138.0,138.0
1011,150.0,150.0
1012,155.0,155.0
1013,145.0,145.0
1014,159.0,159.0
1015,149.0,96.85
1016,143.0,
1017,150.0,150.0
1018,150.0,150.0
1019,158.0,110.6
1020,154.0,154.0
1021,148.0,88.8
1022,150.0,150.0
1023,142.0,142.0
1024,151.0,
1025,145.0,108.75
1026,150.0,
1027,145.0,116.0
1028,132.0,
1029,138.0,41.33
1030,150.0,
1031,138.0,110.4
1032,135.0,135.0
1033,150.0,
1034,141.0,113.0
1035,138.0,138.0
1036,150.0,150.0
1037,150.0,
1038,149.0,
1039,155.0,
1040,145.0,145.0
1041,150.0,75.0
1042,140.0,
1043,150.0,
1044,150.0,
1045,155.0,92.98
1046,150.0,
1047,149.0,149.0
1048,138.0,114.99
1049,144.95,81.2
1050,145.0,
1051,149.0,149.0
1052,139.0,
1053,145.0,145.0
1054,150.0,89.9
1055,139.0,
1056,145.0,145.0
1057,130.0,
1058,138.0,138.0
1059,158.0,63.2
1060,132.0,
1061,135.0,135.0
1062,148.0,103.6
1063,159.0,159.0
1064,138.0,138.0
1065,140.0,
1066,150.0,
1067,150.0,74.99
1068,138.0,138.0
1069,156.0,
1070,158.0,
1071,135.0,
1072,150.0,105.0
1073,137.0,137.0
1074,149.0,149.0
1075,144.0,
1076,139.0,139.0
1077,135.0,
1078,148.0,
1079,146.0,131.0
1080,140.0,70.0
1081,149.0,149.0
1082,150.0,
1083,135.0,135.0
1084,150.0,
1085,138.0,138.0
1086,145.0,
1087,155.0,155.0
1088,138.0,138.0
1089,144.0,144.0
1090,140.0,83.98
1091,145.0,
1092,145.0,
1093,159.0,159.0
1094,135.0,135.0
1095,136.0,95.0
1096,148.0,148.0
1097,148.0,111.0
1098,145.0,
1099,150.0,
1100,138.95,138.95
1101,135.0,
1102,135.0,135.0
1103,149.95,149.95
1104,158.0,94.8
1105,150.0,
1106,140.0,
1107,132.0,
1108,138.0,
1109,154.0,146.0
1110,140.0,140.0
1111,150.0,
1112,138.0,
1113,148.0,148.0
1114,148.0,118.4
1115,149.99,
1116,135.0,
1117,138.0,138.0
1118,139.0,112.0
1119,140.0,
1120,137.0,130.0
1121,150.0,
1122,148.0,148.0
1123,150.0,119.96
1124,150.0,135.0
1125,144.0,
1126,154.0,108.0
1127,134.99,
1128,158.0,94.8
1129,139.0,
1130,138.0,104.0
1131,150.0,
1132,138.0,
1133,138.0,
1134,150.0,150.0
1135,147.0,103.0
1136,149.0,149.0
1137,135.0,
1138,149.0,44.63
1139,145.0,145.0
1140,137.0,
1141,150.0,73.0
1142,135.0,135.0
1143,158.0,95.0
1144,145.0,108.0
1145,150.0,
1146,150.0,150.0
1147,141.0,141.0
1148,148.0,
1149,144.0,
1150,150.0,150.0
1151,138.95,63.98
1152,136.0,82.0
1153,149.0,149.0
1154,154.0,154.0
1155,132.0,
1156,140.0,
1157,155.0,155.0
1158,130.0,130.0
1159,139.95,83.99
1160,136.0,95.0
1161,148.0,148.0
1162,159.0,159.0
1163,131.0,
1164,150.0,105.0
1165,138.95,138.95
1166,150.0,
1167,158.95,95.37
1168,148.0,148.0
1169,150.0,
1170,133.0,133.0
1171,139.0,
1172,140.0,140.0
1173,148.0,148.0
1174,150.0,90.0
1175,140.0,69.99
1176,143.0,
1177,155.0,155.0
1178,139.95,139.95
1179,158.0,137.0
1180,148.0,169.0
1181,158.0,
1182,155.0,39.99
1183,135.0,135.0
1184,140.0,
1185,149.0,89.4
1186,148.0,148.0
1187,155.0,155.0
1188,138.95,138.95
1189,140.0,140.0
1190,159.0,
1191,139.95,139.95
1192,149.95,74.96
1193,149.0,149.0
1194,180.0,144.99
1195,182.0,182.0
1196,171.0,171.0
1197,175.0,
1198,168.0,168.0
1199,178.0,133.5
1200,165.0,
1201,180.0,
1202,160.0,160.0
1203,164.0,
1204,184.95,184.95
1205,168.0,
1206,185.0,123.95
1207,190.0,190.0
1208,189.0,
1209,164.0,
1210,186.0,
1211,170.0,170.0
1212,180.0,
1213,165.0,
1214,175.0,
1215,159.95,111.96
1216,175.0,175.0
1217,169.0,
1218,178.0,
1219,169.0,169.0
1220,175.0,
1221,188.0,141.0
1222,178.0,178.0
1223,170.0,170.0
1224,189.99,189.99
1225,178.0,124.6
1226,178.0,89.0
1227,185.0,185.0
1228,187.0,187.0
1229,185.0,185.0
1230,169.0,126.75
1231,159.95,159.95
1232,168.0,83.98
1233,175.0,175.0
1234,180.0,
1235,184.0,115.0
1236,179.0,125.0
1237,189.0,189.0
1238,184.0,
1239,186.0,74.4
1240,185.0,
1241,178.0,178.0
1242,178.0,178.0
1243,177.0,142.0
1244,188.0,
1245,179.0,
1246,160.0,160.0
1247,165.0,66.0
1248,170.0,170.0
1249,179.0,179.0
1250,180.0,75.6
1251,160.0,
1252,188.0,188.0
1253,174.0,
1254,173.0,121.0
1255,185.0,
1256,159.0,
1257,190.0,190.0
1258,160.0,84.0
1259,180.0,
1260,183.0,174.0
1261,178.0,178.0
1262,178.0,106.8
1263,173.0,173.0
1264,175.0,175.0
1265,169.0,
1266,170.0,134.99
1267,175.0,175.0
1268,175.0,175.0
1269,169.0,
1270,175.0,104.98
1271,189.0,189.0
1272,160.0,95.98
1273,187.0,187.0
1274,185.0,185.0
1275,175.0,
1276,188.0,
1277,188.0,188.0
1278,180.0,108.0
1279,165.0,99.0
1280,180.0,
1281,165.0,
1282,180.0,80.0
1283,190.0,190.0
1284,190.0,133.0
1285,189.0,113.4
1286,185.0,185.0
1287,170.0,170.0
1288,161.0,161.0
1289,174.0,174.0
1290,188.0,
1291,171.0,171.0
1292,180.0,180.0
1293,159.0,106.53
1294,178.0,178.0
1295,175.0,175.0
1296,174.0,174.0
1297,165.0,124.0
1298,168.0,117.6
1299,169.0,
1300,160.0,
1301,161.0,129.0
1302,179.0,107.4
1303,190.0,
1304,165.0,163.0
1305,172.0,138.0
1306,165.0,165.0
1307,160.0,160.0
1308,160.0,128.0
1309,160.0,
1310,170.0,
1311,188.0,141.0
1312,160.0,
1313,181.0,108.6
1314,159.95,159.95
1315,180.0,119.99
1316,189.0,141.75
1317,179.0,
1318,175.0,175.0
1319,159.95,159.95
1320,170.0,102.0
1321,181.0,127.0
1322,170.0,170.0
1323,175.0,175.0
1324,160.0,119.98
1325,175.0,70.0
1326,165.0,
1327,188.0,
1328,186.0,
1329,161.0,105.0
1330,161.0,161.0
1331,189.0,
1332,165.0,
1333,160.0,
1334,170.0,
1335,175.0,175.0
1336,160.0,104.0
1337,160.0,
1338,160.0,160.0
1339,180.0,119.99
1340,189.0,
1341,175.0,
1342,186.0,168.0
1343,180.0,180.0
1344,172.0,172.0
1345,188.0,112.0
1346,165.0,132.0
1347,160.0,144.0
1348,160.0,
1349,180.0,180.0
1350,171.0,162.0
1351,180.0,
1352,181.0,181.0
1353,174.0,
1354,160.0,80.0
1355,174.95,174.95
1356,177.0,177.0
1357,190.0,
1358,185.0,185.0
1359,170.0,170.0
1360,168.0,
1361,176.95,
1362,185.0,185.0
1363,165.0,165.0
1364,188.0,131.6
1365,189.0,
1366,165.0,115.5
1367,160.0,
1368,178.0,106.8
1369,169.0,169.0
1370,185.0,55.43
1371,187.0,149.0
1372,181.0,163.0
1373,180.0,89.98
1374,173.0,173.0
1375,160.0,158.0
1376,178.0,178.0
1377,178.0,
1378,165.0,165.0
1379,164.0,164.0
1380,174.95,174.95
1381,185.0,
1382,167.0,150.0
1383,173.0,
1384,175.0,
1385,160.0,160.0
1386,175.0,167.0
1387,178.0,143.0
1388,160.0,160.0
1389,188.95,188.95
1390,161.0,129.0
1391,189.0,113.4
1392,180.0,180.0
1393,195.0,97.0
1394,206.0,206.0
1395,215.0,183.0
1396,215.0,149.99
1397,209.0,
1398,198.0,71.52
1399,199.0,97.0
1400,195.0,195.0
1401,215.0,215.0
1402,195.0,97.49
1403,225.0,
1404,195.0,117.0
1405,198.0,
1406,198.0,198.0
1407,195.0,195.0
1408,210.0,210.0
1409,218.0,
1410,195.0,
1411,223.0,111.49
1412,198.0,
1413,219.95,219.95
1414,195.0,195.0
1415,225.0,
1416,205.0,205.0
1417,219.0,219.0
1418,195.0,
1419,225.0,225.0
1420,220.0,
1421,225.0,
1422,225.0,
1423,200.0,200.0
1424,195.0,70.0
1425,195.0,
1426,207.0,155.25
1427,198.0,159.0
1428,210.8,
1429,220.0,220.0
1430,218.0,130.8
1431,200.0,139.98
1432,200.0,200.0
1433,213.0,211.0
1434,210.0,
1435,220.0,
1436,205.0,
1437,198.0,
1438,219.0,219.0
1439,199.0,199.0
1440,195.0,117.0
1441,208.0,208.0
1442,198.0,118.8
1443,195.0,
1444,200.0,
1445,198.0,148.5
1446,211.0,211.0
1447,198.0,
1448,215.0,215.0
1449,199.0,149.25
1450,196.0,196.0
1451,220.0,220.0
1452,195.0,129.9
1453,209.0,167.0
1454,214.0,
1455,225.0,56.0
1456,225.0,
1457,195.0,195.0
1458,202.0,202.0
1459,223.0,212.0
1460,195.0,195.0
1461,208.0,208.0
1462,213.0,213.0
1463,220.0,
1464,200.0,200.0
1465,225.0,225.0
1466,215.0,128.98
1467,215.0,
1468,224.0,135.0
1469,220.0,
1470,195.0,195.0
1471,210.0,210.0
1472,199.0,179.1
1473,194.95,194.95
1474,198.0,198.0
1475,225.0,168.75
1476,194.0,194.0
1477,195.0,195.0
1478,219.0,
1479,215.0,129.0
1480,200.0,
1481,193.0,116.0
1482,210.0,126.0
1483,190.0,
1484,198.0,99.0
1485,225.0,150.75
1486,215.0,215.0
1487,200.0,200.0
1488,225.0,168.75
1489,198.0,79.2
1490,198.0,139.0
1491,193.0,144.75
1492,203.0,203.0
1493,197.0,187.0
1494,225.0,225.0
1495,201.48,
1496,195.0,195.0
1497,220.0,220.0
1498,198.0,
1499,215.0,215.0
1500,200.0,
1501,225.0,90.0
1502,210.0,
1503,197.0,138.0
1504,225.0,
1505,210.0,199.95
1506,220.0,
1507,225.0,
1508,195.0,195.0
1509,225.0,225.0
1510,215.0,
1511,220.0,220.0
1512,195.0,146.25
1513,215.0,215.0
1514,211.0,127.0
1515,200.0,124.9
1516,195.0,195.0
1517,225.0,
1518,216.0,216.0
1519,210.0,
1520,210.0,
1521,200.0,
1522,225.0,158.0
1523,195.0,116.98
1524,220.0,110.0
1525,195.0,77.93
1526,195.0,195.0
1527,195.0,195.0
1528,222.0,222.0
1529,202.0,202.0
1530,220.0,198.0
1531,205.0,205.0
1532,220.0,220.0
1533,215.0,
1534,219.0,153.0
1535,215.0,215.0
1536,195.0,
1537,225.0,113.0
1538,198.0,
1539,200.0,140.0
1540,225.0,225.0
1541,198.0,97.02
1542,193.0,155.0
1543,200.0,200.0
1544,200.0,200.0
1545,215.0,128.98
1546,225.0,221.0
1547,220.0,
1548,194.95,194.95
1549,195.0,
1550,205.0,205.0
1551,195.0,176.0
1552,209.0,209.0
1553,198.0,89.1
1554,220.0,
1555,222.0,
1556,198.0,198.0
1557,190.0,190.0
1558,220.0,220.0
1559,195.0,195.0
1560,205.0,103.0
1561,198.0,198.0
1562,198.0,
1563,205.0,
1564,199.0,
1565,215.0,169.99
1566,215.0,
1567,193.0,
1568,215.0,107.0
1569,210.0,210.0
1570,223.0,221.0
1571,198.0,
1572,210.0,210.0
1573,213.0,
1574,212.0,149.0
1575,210.0,105.0
1576,200.0,200.0
1577,220.0,220.0
1578,211.0,
1579,213.0,213.0
1580,215.0,129.0
1581,200.0,
1582,195.0,55.0
1583,219.0,219.0
1584,190.0,149.99
1585,195.0,195.0
1586,195.0,
1587,195.0,97.49
1588,200.0,
1589,208.0,99.84
1590,225.0,225.0
1591,225.0,225.0
1592,250.0,200.0
1593,255.0,102.0
1594,248.0,248.0
1595,228.0,
1596,259.0,181.0
1597,266.0,266.0
1598,239.95,239.95
1599,255.0,255.0
1600,250.0,250.0
1601,245.0,110.0
1602,255.0,
1603,230.0,91.98
1604,240.0,120.0
1605,270.0,202.5
1606,239.0,167.0
1607,245.0,245.0
1608,273.0,273.0
1609,240.0,240.0
1610,258.0,193.5
1611,266.0,263.0
1612,260.0,208.0
1613,250.0,100.0
1614,259.0,259.0
1615,265.0,
1616,250.0,
1617,271.0,217.0
1618,259.0,
1619,232.0,
1620,258.0,154.8
1621,248.0,148.8
1622,275.0,
1623,230.0,230.0
1624,238.0,
1625,250.0,
1626,230.0,230.0
1627,245.0,
1628,235.0,176.0
1629,270.0,132.0
1630,229.0,114.5
1631,250.0,
1632,250.0,250.0
1633,255.0,127.5
1634,228.0,228.0
1635,246.0,246.0
1636,275.0,275.0
1637,245.0,243.0
1638,250.0,250.0
1639,228.0,216.0
1640,239.0,
1641,249.0,
1642,258.0,
1643,266.0,226.0
1644,245.0,245.0
1645,274.0,
1646,250.0,225.0
1647,245.0,147.0
1648,245.0,245.0
1649,250.0,
1650,250.0,250.0
1651,228.0,228.0
1652,238.0,238.0
1653,248.0,248.0
1654,230.0,230.0
1655,265.0,
1656,250.0,250.0
1657,239.0,167.0
1658,230.0,230.0
1659,231.0,185.0
1660,271.0,271.0
1661,238.0,
1662,254.0,216.0
1663,248.0,124.0
1664,250.0,74.93
1665,255.0,
1666,245.0,245.0
1667,230.0,224.0
1668,230.0,
1669,237.5,
1670,234.0,234.0
1671,250.0,250.0
1672,245.0,98.0
1673,230.0,138.0
1674,250.0,200.0
1675,235.0,59.0
1676,259.0,169.0
1677,229.0,
1678,267.0,267.0
1679,256.0,179.0
1680,258.0,
1681,235.0,
1682,249.0,249.0
1683,235.0,235.0
1684,250.0,250.0
1685,240.0,
1686,228.0,228.0
1687,228.0,228.0
1688,245.0,245.0
1689,235.0,176.25
1690,265.0,
1691,229.0,229.0
1692,229.0,229.0
1693,245.0,
1694,230.0,230.0
1695,245.0,
1696,235.0,235.0
1697,228.0,
1698,260.0,195.0
1699,250.0,
1700,239.0,119.5
1701,266.0,266.0
1702,245.0,123.0
1703,235.0,
1704,250.0,112.5
1705,238.0,178.5
1706,258.0,258.0
1707,260.0,
1708,240.0,162.0
1709,230.0,
1710,228.0,128.16
1711,244.0,
1712,245.0,
1713,230.0,172.5
1714,228.0,114.0
1715,250.0,
1716,258.0,
1717,230.0,173.0
1718,260.0,
1719,250.0,
1720,230.0,230.0
1721,230.0,
1722,250.0,
1723,246.0,
1724,260.0,260.0
1725,248.0,
1726,243.0,243.0
1727,238.0,238.0
1728,250.0,
1729,234.0,234.0
1730,235.0,207.0
1731,230.0,
1732,249.0,
1733,240.0,
1734,265.0,265.0
1735,250.0,225.0
1736,245.0,245.0
1737,255.0,255.0
1738,260.0,
1739,248.0,
1740,273.0,192.0
1741,249.0,249.0
1742,250.0,
1743,255.0,255.0
1744,230.0,90.0
1745,246.0,246.0
1746,255.0,
1747,235.0,235.0
1748,239.0,
1749,228.0,228.0
1750,250.0,250.0
1751,245.0,245.0
1752,271.0,271.0
1753,270.0,
1754,245.0,
1755,269.0,269.0
1756,271.0,190.0
1757,248.0,248.0
1758,250.0,250.0
1759,249.0,149.4
1760,260.0,260.0
1761,266.0,253.0
1762,266.0,199.5
1763,272.0,
1764,230.0,57.0
1765,258.0,154.8
1766,257.0,145.0
1767,252.99,
1768,255.0,
1769,250.0,
1770,260.0,260.0
1771,239.0,143.4
1772,250.0,
1773,263.0,263.0
1774,230.0,230.0
1775,250.0,122.0
1776,250.0,
1777,245.0,150.0
1778,240.0,
1779,260.0,
1780,228.0,136.8
1781,265.0,
1782,270.0,135.0
1783,250.0,137.0
1784,262.0,262.0
1785,245.0,
1786,258.0,258.0
1787,250.0,
1788,230.0,230.0
1789,234.0,234.0
1790,244.0,
1791,309.0,309.0
1792,285.0,
1793,276.0,
1794,295.0,295.0
1795,277.95,166.77
1796,275.0,275.0
1797,295.0,147.49
1798,300.0,
1799,280.0,280.0
1800,307.0,291.0
1801,298.0,298.0
1802,295.0,177.0
1803,279.0,279.0
1804,290.0,290.0
1805,280.0,
1806,298.0,298.0
1807,295.0,
1808,278.0,278.0
1809,278.0,208.5
1810,283.0,169.8
1811,275.0,275.0
1812,295.0,295.0
1813,295.0,295.0
1814,306.0,306.0
1815,285.0,285.0
1816,313.0,251.0
1817,280.0,
1818,300.0,
1819,280.0,280.0
1820,309.0,309.0
1821,295.0,207.0
1822,275.0,193.0
1823,275.0,192.5
1824,295.0,295.0
1825,295.0,295.0
1826,275.0,137.49
1827,300.0,
1828,299.99,
1829,320.0,320.0
1830,322.0,
1831,299.0,
1832,275.0,190.0
1833,300.0,300.0
1834,295.0,295.0
1835,313.0,313.0
1836,278.0,
1837,300.0,
1838,295.0,118.0
1839,275.0,275.0
1840,275.0,144.38
1841,322.0,226.0
1842,279.0,279.0
1843,285.0,213.75
1844,315.0,235.0
1845,295.0,118.0
1846,295.0,
1847,288.0,288.0
1848,321.0,225.0
1849,323.0,323.0
1850,282.0,254.0
1851,278.0,278.0
1852,310.0,310.0
1853,284.0,142.0
1854,320.0,320.0
1855,302.0,302.0
1856,320.0,
1857,298.0,298.0
1858,275.0,275.0
1859,315.0,
1860,280.0,280.0
1861,315.0,315.0
1862,314.0,314.0
1863,295.0,295.0
1864,295.0,
1865,298.0,
1866,314.0,314.0
1867,320.0,
1868,313.0,251.0
1869,298.0,298.0
1870,293.0,293.0
1871,290.0,290.0
1872,285.0,285.0
1873,315.0,315.0
1874,290.0,173.98
1875,295.0,295.0
1876,309.0,
1877,306.0,306.0
1878,292.0,292.0
1879,315.0,
1880,295.0,295.0
1881,295.0,148.0
1882,318.0,
1883,295.0,295.0
1884,295.0,206.0
1885,275.0,275.0
1886,295.0,295.0
1887,280.0,
1888,295.0,218.0
1889,304.0,
1890,279.0,
1891,295.0,
1892,278.0,166.8
1893,277.5,277.5
1894,317.0,317.0
1895,299.0,299.0
1896,298.0,
1897,319.0,223.0
1898,298.0,298.0
1899,280.0,167.98
1900,295.0,177.0
1901,287.0,258.0
1902,295.0,92.93
1903,292.0,286.0
1904,310.0,310.0
1905,322.0,
1906,285.0,
1907,298.0,
1908,295.0,
1909,295.0,295.0
1910,316.0,316.0
1911,283.0,283.0
1912,320.0,240.0
1913,285.0,228.0
1914,280.6,
1915,295.0,147.49
1916,275.0,165.0
1917,313.0,313.0
1918,294.0,294.0
1919,320.0,256.0
1920,310.0,310.0
1921,305.0,
1922,298.0,298.0
1923,285.0,
1924,283.0,212.0
1925,309.0,309.0
1926,310.0,310.0
1927,309.0,
1928,289.99,289.99
1929,308.0,308.0
1930,298.0,223.5
1931,285.0,142.5
1932,315.0,158.0
1933,295.0,295.0
1934,285.0,
1935,303.0,257.0
1936,295.0,118.0
1937,276.0,276.0
1938,285.0,171.0
1939,285.0,213.75
1940,319.0,319.0
1941,300.0,300.0
1942,275.0,275.0
1943,300.0,
1944,303.0,228.0
1945,320.0,185.0
1946,295.0,144.0
1947,280.0,
1948,280.0,238.0
1949,318.0,190.8
1950,306.0,214.0
1951,275.0,275.0
1952,275.0,350.0
1953,290.0,
1954,280.0,
1955,313.0,313.0
1956,275.0,
1957,280.0,280.0
1958,280.0,
1959,305.0,305.0
1960,276.0,276.0
1961,295.0,
1962,295.0,295.0
1963,319.0,319.0
1964,301.0,226.0
1965,285.0,285.0
1966,278.0,278.0
1967,275.0,
1968,311.0,186.6
1969,295.0,147.5
1970,307.0,
1971,295.0,144.0
1972,285.0,
1973,320.0,285.0
1974,295.0,295.0
1975,295.0,295.0
1976,285.0,242.25
1977,290.0,
1978,278.0,278.0
1979,321.0,225.0
1980,295.0,295.0
1981,275.0,
1982,279.0,223.0
1983,320.0,320.0
1984,294.0,177.0
1985,310.0,310.0
1986,280.0,210.0
1987,287.0,258.0
1988,279.0,279.0
1989,275.0,
1990,350.0,350.0
1991,375.0,188.0
1992,360.0,252.0
1993,340.0,
1994,333.0,333.0
1995,325.0,
1996,345.0,137.98
1997,355.0,355.0
1998,350.0,262.5
1999,366.0,293.0
2000,361.0,361.0
2001,337.0,
2002,350.0,
2003,380.0,228.0
2004,350.0,350.0
2005,385.0,385.0
2006,338.0,153.0
2007,346.0,259.5
2008,360.0,
2009,380.0,
2010,325.0,
2011,370.0,
2012,385.0,385.0
2013,355.0,
2014,372.0,298.0
2015,375.0,224.98
2016,343.0,275.0
2017,325.0,228.0
2018,365.0,365.0
2019,375.0,187.49
2020,335.0,
2021,323.0,323.0
2022,357.0,286.0
2023,358.2,
2024,325.0,
2025,345.0,345.0
2026,350.0,350.0
2027,372.0,372.0
2028,370.0,
2029,335.0,335.0
2030,343.0,343.0
2031,326.0,326.0
2032,360.0,288.0
2033,330.0,330.0
2034,381.0,267.0
2035,350.0,350.0
2036,375.0,375.0
2037,349.0,349.0
2038,350.0,350.0
2039,345.0,
2040,368.0,368.0
2041,350.0,350.0
2042,376.0,263.0
2043,325.0,325.0
2044,350.0,157.5
2045,375.0,375.0
2046,350.0,350.0
2047,370.0,185.0
2048,335.0,335.0
2049,353.0,353.0
2050,380.0,
2051,350.0,350.0
2052,356.0,
2053,325.0,325.0
2054,345.0,207.0
2055,379.0,379.0
2056,340.0,272.0
2057,335.0,335.0
2058,365.0,91.0
2059,350.0,171.0
2060,326.0,326.0
2061,350.0,
2062,345.0,
2063,360.0,180.0
2064,366.0,256.0
2065,350.0,280.0
2066,360.0,
2067,329.0,329.0
2068,370.0,222.0
2069,345.0,
2070,330.0,198.0
2071,346.0,346.0
2072,350.0,
2073,325.0,
2074,375.0,375.0
2075,360.0,324.0
2076,340.0,340.0
2077,349.0,210.0
2078,375.0,375.0
2079,352.13,
2080,375.0,368.0
2081,350.0,350.0
2082,385.0,270.0
2083,334.0,334.0
2084,332.0,332.0
2085,336.0,
2086,371.0,371.0
2087,380.0,285.0
2088,349.0,280.0
2089,380.0,380.0
2090,325.0,325.0
2091,332.0,266.0
2092,378.0,378.0
2093,350.0,350.0
2094,367.0,367.0
2095,350.0,350.0
2096,352.0,
2097,345.0,345.0
2098,377.0,377.0
2099,360.0,
2100,350.0,
2101,336.0,286.0
2102,330.0,
2103,350.0,
2104,348.0,139.2
2105,370.0,
2106,345.0,345.0
2107,350.0,350.0
2108,345.0,
2109,335.0,335.0
2110,335.0,251.87
2111,330.0,83.0
2112,375.0,187.0
2113,340.0,340.0
2114,350.0,315.0
2115,325.0,325.0
2116,353.0,212.0
2117,350.0,262.5
2118,368.0,276.0
2119,355.0,355.0
2120,370.0,
2121,330.0,330.0
2122,380.0,266.0
2123,377.0,
2124,348.0,252.0
2125,350.0,350.0
2126,335.0,335.0
2127,350.0,
2128,340.0,340.0
2129,348.0,
2130,350.0,350.0
2131,327.0,327.0
2132,370.0,333.0
2133,345.0,242.0
2134,331.0,331.0
2135,350.0,333.0
2136,343.0,340.0
2137,375.0,375.0
2138,368.0,220.0
2139,329.0,246.75
2140,325.0,
2141,375.0,375.0
2142,352.0,352.0
2143,375.0,375.0
2144,328.0,328.0
2145,373.0,373.0
2146,345.0,345.0
2147,375.0,375.0
2148,380.0,380.0
2149,350.0,
2150,370.0,370.0
2151,330.0,
2152,325.0,195.0
2153,338.0,237.0
2154,344.0,275.0
2155,384.04,134.25
2156,339.0,135.0
2157,350.0,350.0
2158,375.0,
2159,372.0,372.0
2160,360.0,360.0
2161,355.0,355.0
2162,358.0,358.0
2163,385.0,385.0
2164,370.0,370.0
2165,365.0,365.0
2166,363.0,363.0
2167,358.0,358.0
2168,339.0,339.0
2169,325.0,325.0
2170,346.0,312.0
2171,385.0,385.0
2172,332.0,232.0
2173,328.0,
2174,350.0,
2175,350.0,245.0
2176,329.0,326.0
2177,345.0,345.0
2178,356.0,
2179,375.0,188.0
2180,370.0,222.0
2181,350.0,350.0
2182,375.0,375.0
2183,350.0,
2184,378.0,
2185,348.0,139.2
2186,375.0,149.0
2187,355.0,177.5
2188,325.0,
2189,425.0,318.75
2190,420.0,260.0
2191,410.0,144.0
2192,395.0,
2193,406.0,406.0
2194,400.0,
2195,450.0,
2196,390.0,390.0
2197,400.0,400.0
2198,395.0,197.0
2199,395.0,395.0
2200,400.0,400.0
2201,389.0,389.0
2202,445.0,
2203,425.0,425.0
2204,450.0,450.0
2205,445.0,223.0
2206,450.0,
2207,450.0,450.0
2208,395.0,395.0
2209,402.0,241.0
2210,450.0,337.5
2211,395.0,
2212,440.0,286.0
2213,398.0,
2214,385.14,
2215,395.0,395.0
2216,410.0,
2217,410.0,410.0
2218,400.0,
2219,395.0,237.0
2220,440.0,440.0
2221,450.0,315.0
2222,416.0,374.0
2223,390.0,390.0
2224,410.0,205.0
2225,395.0,395.0
2226,448.0,
2227,443.0,443.0
2228,430.0,430.0
2229,389.0,389.0
2230,395.0,
2231,428.0,
2232,422.0,422.0
2233,450.0,
2234,430.0,430.0
2235,400.0,400.0
2236,445.0,445.0
2237,395.0,395.0
2238,390.0,390.0
2239,392.0,392.0
2240,430.0,430.0
2241,395.0,198.0
2242,395.0,198.0
2243,390.0,351.0
2244,450.0,202.5
2245,448.0,
2246,398.0,398.0
2247,429.0,343.0
2248,395.0,
2249,395.0,395.0
2250,395.0,395.0
2251,417.0,417.0
2252,390.0,
2253,400.0,400.0
2254,390.0,390.0
2255,395.0,395.0
2256,395.0,395.0
2257,390.0,
2258,425.0,208.0
2259,448.0,
2260,430.0,
2261,440.0,264.0
2262,395.0,395.0
2263,435.0,435.0
2264,390.0,273.0
2265,415.0,
2266,398.0,398.0
2267,439.0,439.0
2268,391.0,293.25
2269,395.0,
2270,449.0,
2271,395.0,395.0
2272,450.0,175.0
2273,400.0,
2274,390.0,390.0
2275,390.0,234.0
2276,395.0,
2277,399.0,
2278,415.0,415.0
2279,450.0,
2280,386.0,309.0
2281,440.0,308.0
2282,440.0,
2283,450.0,450.0
2284,395.0,395.0
2285,420.0,315.0
2286,395.0,395.0
2287,395.0,
2288,450.0,
2289,445.0,
2290,390.0,
2291,395.0,
2292,449.0,449.0
2293,395.0,316.0
2294,435.0,435.0
2295,415.0,415.0
2296,420.0,420.0
2297,420.0,420.0
2298,415.0,208.0
2299,425.0,425.0
2300,400.0,400.0
2301,390.0,234.0
2302,395.0,395.0
2303,415.0,
2304,445.0,267.0
2305,450.0,450.0
2306,435.0,
2307,450.0,
2308,430.0,
2309,424.0,340.0
2310,450.0,
2311,450.0,450.0
2312,445.0,445.0
2313,445.0,445.0
2314,440.0,
2315,425.0,275.0
2316,424.0,382.0
2317,395.0,395.0
2318,395.0,316.0
2319,450.0,
2320,427.0,427.0
2321,450.0,450.0
2322,450.0,450.0
2323,415.0,415.0
2324,395.0,395.0
2325,417.0,250.0
2326,395.0,
2327,410.0,410.0
2328,450.0,
2329,425.0,297.5
2330,395.0,
2331,450.0,
2332,448.0,448.0
2333,416.0,416.0
2334,427.0,
2335,395.0,
2336,450.0,
2337,393.0,
2338,450.0,
2339,427.0,
2340,440.0,440.0
2341,386.0,386.0
2342,405.0,324.0
2343,390.0,
2344,420.0,205.0
2345,385.0,
2346,389.0,
2347,405.0,405.0
2348,398.0,
2349,395.0,
2350,401.0,401.0
2351,395.0,
2352,400.0,400.0
2353,416.0,416.0
2354,398.0,
2355,428.0,428.0
2356,425.0,191.0
2357,425.0,425.0
2358,395.0,277.0
2359,396.0,278.0
2360,395.0,395.0
2361,388.0,388.0
2362,412.0,247.2
2363,416.0,250.0
2364,440.0,
2365,425.0,
2366,436.0,218.0
2367,445.0,
2368,395.0,395.0
2369,391.0,246.0
2370,420.0,420.0
2371,448.0,448.0
2372,395.0,
2373,399.0,399.0
2374,395.0,395.0
2375,406.0,284.0
2376,425.0,425.0
2377,400.0,160.0
2378,387.0,387.0
2379,385.0,385.0
2380,420.0,420.0
2381,431.0,431.0
2382,415.0,270.0
2383,420.0,420.0
2384,445.0,223.0
2385,443.0,443.0
2386,445.0,400.5
2387,449.0,315.0
2388,477.0,311.0
2389,495.0,446.0
2390,530.0,530.0
2391,483.0,242.0
2392,525.0,525.0
2393,466.0,443.0
2394,460.0,460.0
2395,495.0,
2396,475.0,285.0
2397,495.0,
2398,475.0,237.5
2399,495.0,495.0
2400,495.0,
2401,500.0,
2402,515.0,
2403,470.0,470.0
2404,458.0,229.0
2405,495.0,495.0
2406,470.0,
2407,460.0,
2408,530.0,530.0
2409,490.0,490.0
2410,495.0,495.0
2411,460.0,
2412,532.0,532.0
2413,495.0,371.25
2414,450.0,
2415,527.0,527.0
2416,479.0,431.0
2417,530.0,504.0
2418,485.0,
2419,465.0,
2420,463.0,463.0
2421,490.0,
2422,475.0,475.0
2423,540.0,
2424,525.0,525.0
2425,485.0,291.0
2426,460.0,460.0
2427,530.0,424.0
2428,520.0,520.0
2429,451.0,451.0
2430,495.0,247.49
2431,495.0,198.98
2432,477.0,477.0
2433,490.0,196.0
2434,540.0,180.0
2435,500.0,375.0
2436,495.0,198.0
2437,540.0,270.0
2438,490.0,485.0
2439,465.0,465.0
2440,525.0,525.0
2441,475.0,475.0
2442,490.0,294.0
2443,495.0,
2444,470.0,470.0
2445,490.0,
2446,495.0,495.0
2447,490.0,
2448,480.0,240.0
2449,500.0,500.0
2450,495.0,297.0
2451,475.0,185.0
2452,452.0,317.0
2453,495.0,
2454,458.0,274.8
2455,525.0,368.0
2456,451.0,361.0
2457,495.0,
2458,531.0,372.0
2459,490.0,
2460,471.0,471.0
2461,526.0,263.0
2462,480.0,480.0
2463,525.0,
2464,490.0,
2465,490.0,490.0
2466,473.0,473.0
2467,539.0,539.0
2468,495.0,495.0
2469,530.0,530.0
2470,523.0,523.0
2471,500.0,
2472,479.0,431.0
2473,475.0,285.0
2474,505.0,150.0
2475,465.0,197.63
2476,520.0,312.0
2477,530.0,
2478,465.0,465.0
2479,539.0,350.0
2480,470.0,470.0
2481,484.0,484.0
2482,490.0,490.0
2483,495.0,
2484,458.0,229.0
2485,520.0,520.0
2486,538.0,
2487,458.0,458.0
2488,525.0,263.0
2489,495.0,
2490,460.0,460.0
2491,481.0,289.0
2492,495.0,495.0
2493,465.0,279.0
2494,495.0,421.0
2495,465.0,
2496,474.0,474.0
2497,460.0,276.0
2498,480.0,495.0
2499,470.0,281.98
2500,536.0,536.0
2501,498.0,261.45
2502,491.0,491.0
2503,525.0,525.0
2504,515.0,515.0
2505,475.0,475.0
2506,490.0,294.0
2507,490.0,490.0
2508,530.0,530.0
2509,500.0,500.0
2510,475.0,475.0
2511,531.0,478.0
2512,458.0,458.0
2513,450.0,450.0
2514,535.0,535.0
2515,526.0,526.0
2516,495.0,495.0
2517,495.0,495.0
2518,466.0,233.0
2519,457.0,434.0
2520,517.19,
2521,475.0,475.0
2522,495.0,
2523,478.0,
2524,510.0,
2525,500.0,350.0
2526,495.0,495.0
2527,475.0,
2528,525.0,525.0
2529,495.0,242.0
2530,525.0,
2531,525.0,157.0
2532,514.0,435.0
2533,500.0,
2534,493.0,493.0
2535,480.0,288.0
2536,484.0,484.0
2537,466.0,466.0
2538,460.0,460.0
2539,485.0,145.43
2540,460.0,230.0
2541,530.0,530.0
2542,495.0,495.0
2543,535.0,321.0
2544,475.0,
2545,480.0,398.0
2546,520.0,312.0
2547,530.0,371.0
2548,480.0,336.0
2549,488.0,488.0
2550,480.0,480.0
2551,502.0,
2552,535.0,535.0
2553,512.0,308.0
2554,495.0,
2555,540.0,
2556,455.0,455.0
2557,490.0,245.0
2558,474.0,474.0
2559,480.0,480.0
2560,483.0,483.0
2561,535.0,535.0
2562,500.0,500.0
2563,460.0,
2564,526.0,263.0
2565,480.0,
2566,477.0,477.0
2567,455.0,
2568,535.0,535.0
2569,455.0,319.0
2570,495.0,495.0
2571,500.0,
2572,536.0,390.0
2573,525.0,393.75
2574,495.0,495.0
2575,523.0,523.0
2576,495.0,495.0
2577,502.0,502.0
2578,490.0,245.0
2579,475.0,237.0
2580,495.0,370.0
2581,473.0,332.0
2582,525.0,315.0
2583,505.0,
2584,520.0,520.0
2585,520.0,520.0
2586,520.0,520.0
2587,595.0,
2588,600.0,600.0
2589,600.0,179.0
2590,548.0,
2591,585.0,585.0
2592,615.0,615.0
2593,598.0,239.0
2594,545.0,327.0
2595,636.0,445.0
2596,580.0,580.0
2597,570.0,342.0
2598,640.0,640.0
2599,595.0,595.0
2600,619.0,619.0
2601,590.0,354.0
2602,595.0,595.0
2603,595.0,595.0
2604,560.0,560.0
2605,548.0,439.0
2606,550.0,
2607,640.0,384.0
2608,633.0,589.0
2609,645.0,
2610,595.0,298.0
2611,550.0,550.0
2612,550.0,550.0
2613,595.0,417.0
2614,568.0,568.0
2615,595.0,595.0
2616,575.0,345.0
2617,641.0,449.0
2618,633.0,633.0
2619,560.0,392.0
2620,545.0,326.9
2621,545.0,
2622,599.0,
2623,575.0,345.0
2624,595.0,595.0
2625,605.0,
2626,595.0,595.0
2627,645.0,316.0
2628,587.0,
2629,630.0,630.0
2630,557.0,552.0
2631,625.0,625.0
2632,639.0,320.0
2633,588.0,
2634,590.0,590.0
2635,630.0,567.0
2636,595.0,
2637,590.0,590.0
2638,640.0,640.0
2639,600.0,600.0
2640,600.0,600.0
2641,591.0,414.0
2642,550.0,
2643,585.0,585.0
2644,556.0,556.0
2645,540.0,
2646,545.0,
2647,610.0,604.0
2648,645.0,258.0
2649,649.0,649.0
2650,625.0,250.0
2651,630.0,
2652,625.0,625.0
2653,590.0,590.0
2654,605.0,303.0
2655,631.0,631.0
2656,607.0,364.0
2657,641.0,449.0
2658,595.0,
2659,595.0,
2660,550.0,385.0
2661,648.0,518.0
2662,575.0,575.0
2663,550.0,
2664,630.0,630.0
2665,648.0,648.0
2666,640.0,640.0
2667,549.0,467.0
2668,540.0,
2669,540.0,
2670,630.0,430.0
2671,598.0,
2672,595.0,
2673,569.0,342.0
2674,605.0,303.0
2675,600.0,
2676,595.0,595.0
2677,595.0,595.0
2678,595.0,
2679,625.0,438.0
2680,580.0,290.0
2681,595.0,
2682,545.0,327.0
2683,565.0,565.0
2684,580.0,
2685,586.0,586.0
2686,627.0,627.0
2687,575.0,345.0
2688,600.0,360.0
2689,565.0,338.98
2690,560.0,336.0
2691,550.0,495.0
2692,575.0,
2693,640.0,512.0
2694,549.0,565.0
2695,585.0,585.0
2696,560.0,560.0
2697,550.0,330.0
2698,629.0,623.0
2699,630.0,630.0
2700,625.0,563.0
2701,596.0,357.6
2702,645.0,
2703,645.0,645.0
2704,590.0,
2705,570.0,570.0
2706,595.0,446.25
2707,552.0,547.0
2708,625.0,625.0
2709,595.0,595.0
2710,585.0,585.0
2711,595.0,595.0
2712,615.0,615.0
2713,560.0,336.0
2714,548.0,329.0
2715,559.0,559.0
2716,560.0,336.0
2717,645.0,549.0
2718,555.0,
2719,557.0,279.0
2720,545.0,464.0
2721,626.0,626.0
2722,569.0,370.0
2723,550.0,
2724,617.0,494.0
2725,548.0,
2726,640.0,640.0
2727,600.0,600.0
2728,550.0,440.0
2729,595.0,595.0
2730,557.0,557.0
2731,548.0,
2732,595.0,595.0
2733,630.0,315.0
2734,550.0,
2735,550.0,550.0
2736,630.0,630.0
2737,570.0,570.0
2738,589.0,471.0
2739,625.0,625.0
2740,622.0,622.0
2741,545.0,545.0
2742,600.0,600.0
2743,580.0,580.0
2744,550.0,550.0
2745,636.0,636.0
2746,595.0,
2747,575.0,
2748,625.0,625.0
2749,580.0,
2750,645.0,645.0
2751,595.0,
2752,545.0,545.0
2753,550.0,550.0
2754,636.0,509.0
2755,595.0,595.0
2756,544.0,544.0
2757,598.0,
2758,587.0,587.0
2759,642.0,450.0
2760,550.0,
2761,540.0,270.0
2762,600.0,600.0
2763,595.0,238.0
2764,615.0,615.0
2765,570.0,570.0
2766,635.0,
2767,641.0,257.0
2768,589.0,413.0
2769,550.0,275.0
2770,595.0,238.0
2771,575.0,
2772,625.0,375.0
2773,550.0,358.0
2774,590.0,590.0
2775,595.0,357.0
2776,648.0,648.0
2777,550.0,550.0
2778,645.0,
2779,630.0,
2780,590.0,501.5
2781,613.0,
2782,598.0,598.0
2783,560.0,
2784,550.0,550.0
2785,545.0,327.0
2786,690.0,345.0
2787,660.0,
2788,725.0,725.0
2789,750.0,
2790,750.0,
2791,685.0,411.0
2792,698.0,419.0
2793,750.0,750.0
2794,710.0,284.0
2795,650.0,650.0
2796,702.0,492.0
2797,650.0,650.0
2798,695.0,695.0
2799,760.0,760.0
2800,685.0,568.0
2801,695.0,417.0
2802,745.0,745.0
2803,740.0,740.0
2804,681.0,681.0
2805,724.0,616.0
2806,706.0,494.0
2807,750.0,375.0
2808,700.0,
2809,695.0,
2810,745.0,521.5
2811,745.0,298.0
2812,650.0,650.0
2813,680.0,408.0
2814,695.0,695.0
2815,671.0,671.0
2816,725.0,363.0
2817,658.0,592.0
2818,695.0,695.0
2819,700.0,700.0
2820,695.0,
2821,770.0,770.0
2822,716.0,502.0
2823,725.0,508.0
2824,660.0,
2825,750.0,750.0
2826,695.0,695.0
2827,700.0,
2828,755.0,755.0
2829,666.0,499.5
2830,740.0,444.0
2831,655.0,393.0
2832,681.0,647.0
2833,702.0,526.0
2834,696.0,689.0
2835,670.0,670.0
2836,695.0,629.0
2837,742.0,371.0
2838,700.0,
2839,775.0,760.0
2840,770.0,
2841,740.0,740.0
2842,690.0,690.0
2843,750.0,450.0
2844,745.0,522.0
2845,670.0,536.0
2846,685.0,480.0
2847,674.0,674.0
2848,750.0,
2849,695.0,695.0
2850,706.0,459.0
2851,760.0,380.0
2852,650.0,
2853,750.0,750.0
2854,718.0,
2855,745.0,447.0
2856,695.0,695.0
2857,695.0,695.0
2858,725.0,
2859,690.0,
2860,695.0,695.0
2861,755.0,755.0
2862,695.0,487.0
2863,670.0,268.0
2864,740.0,
2865,742.0,742.0
2866,695.0,
2867,740.0,444.0
2868,695.0,695.0
2869,743.0,669.0
2870,730.0,365.0
2871,745.0,745.0
2872,695.0,
2873,745.0,745.0
2874,724.0,688.0
2875,750.0,750.0
2876,695.0,695.0
2877,750.0,
2878,690.0,683.0
2879,680.0,680.0
2880,655.0,655.0
2881,650.0,
2882,650.0,325.0
2883,750.0,
2884,725.0,725.0
2885,687.0,687.0
2886,725.0,725.0
2887,725.0,
2888,745.0,745.0
2889,750.0,375.0
2890,725.0,508.0
2891,750.0,750.0
2892,770.0,
2893,690.0,690.0
2894,724.0,724.0
2895,750.0,750.0
2896,655.0,655.0
2897,695.0,695.0
2898,695.0,173.0
2899,675.0,
2900,742.0,742.0
2901,695.0,487.0
2902,750.0,450.0
2903,650.0,390.0
2904,760.0,760.0
2905,650.0,
2906,684.0,410.4
2907,745.0,447.0
2908,695.0,695.0
2909,745.0,
2910,720.0,
2911,655.0,655.0
2912,675.0,675.0
2913,750.0,
2914,750.0,367.0
2915,670.0,
2916,715.0,715.0
2917,765.0,459.0
2918,750.0,292.0
2919,714.0,643.0
2920,765.0,765.0
2921,695.0,
2922,765.0,
2923,692.0,554.0
2924,695.0,
2925,696.0,487.0
2926,742.0,742.0
2927,740.0,444.0
2928,650.0,650.0
2929,725.0,711.0
2930,695.0,
2931,730.0,730.0
2932,695.0,417.0
2933,690.0,352.0
2934,746.0,746.0
2935,760.0,608.0
2936,690.0,552.0
2937,720.0,720.0
2938,756.0,454.0
2939,695.0,417.0
2940,650.0,325.0
2941,690.0,690.0
2942,771.0,771.0
2943,720.0,720.0
2944,750.0,600.0
2945,770.0,770.0
2946,650.0,325.0
2947,700.0,525.0
2948,650.0,389.98
2949,775.0,388.0
2950,695.0,525.0
2951,680.0,
2952,680.0,680.0
2953,695.0,695.0
2954,740.0,370.0
2955,720.0,432.0
2956,703.0,703.0
2957,750.0,
2958,695.0,174.0
2959,650.0,650.0
2960,774.0,541.8
2961,700.0,700.0
2962,770.0,690.0
2963,695.0,695.0
2964,650.0,650.0
2965,725.0,
2966,650.0,455.0
2967,775.0,775.0
2968,674.0,
2969,767.0,
2970,745.0,
2971,738.0,738.0
2972,750.0,750.0
2973,745.0,745.0
2974,675.0,675.0
2975,750.0,
2976,655.0,655.0
2977,764.0,726.0
2978,765.0,
2979,710.0,
2980,695.0,695.0
2981,720.0,504.0
2982,655.0,458.0
2983,695.0,487.0
2984,650.0,650.0
2985,850.0,
2986,780.0,
2987,945.0,945.0
2988,880.0,
2989,850.0,850.0
2990,895.0,
2991,850.0,425.0
2992,795.0,795.0
2993,860.0,
2994,844.0,759.0
2995,800.0,800.0
2996,864.0,
2997,850.0,340.0
2998,875.0,875.0
2999,900.0,450.0
3000,950.0,950.0
3001,820.0,820.0
3002,895.0,895.0
3003,845.0,845.0
3004,795.0,398.0
3005,935.0,935.0
3006,950.0,950.0
3007,795.0,477.0
3008,875.0,744.0
3009,900.0,900.0
3010,900.0,675.0
3011,870.0,
3012,799.0,599.25
3013,795.0,477.0
3014,795.0,
3015,925.0,
3016,850.0,850.0
3017,895.0,
3018,950.0,665.0
3019,895.0,438.0
3020,795.0,795.0
3021,898.0,539.0
3022,945.0,945.0
3023,780.0,780.0
3024,795.0,795.0
3025,850.0,850.0
3026,950.0,475.0
3027,945.0,378.0
3028,850.0,850.0
3029,850.0,850.0
3030,790.0,
3031,904.0,633.0
3032,895.0,895.0
3033,847.0,593.0
3034,845.0,845.0
3035,950.0,
3036,800.0,800.0
3037,925.0,925.0
3038,875.0,700.0
3039,820.0,410.0
3040,895.0,895.0
3041,900.0,450.0
3042,865.0,865.0
3043,800.0,
3044,795.0,795.0
3045,850.0,
3046,858.0,600.0
3047,890.0,890.0
3048,881.0,793.0
3049,820.0,574.0
3050,850.0,850.0
3051,790.0,
3052,860.0,
3053,950.0,950.0
3054,795.0,795.0
3055,790.0,790.0
3056,850.0,850.0
3057,834.0,417.0
3058,936.0,749.0
3059,877.9,975.0
3060,895.0,
3061,840.0,378.0
3062,795.0,675.75
3063,818.0,
3064,840.0,840.0
3065,895.0,447.0
3066,850.0,
3067,850.0,680.0
3068,845.0,423.0
3069,795.0,
3070,895.0,
3071,895.0,770.0
3072,870.0,631.0
3073,860.0,516.0
3074,950.0,950.0
3075,790.0,
3076,825.0,825.0
3077,850.0,850.0
3078,895.0,895.0
3079,810.0,405.0
3080,895.0,
3081,780.0,780.0
3082,795.0,
3083,950.0,950.0
3084,895.0,895.0
3085,908.0,
3086,820.0,820.0
3087,790.0,790.0
3088,930.0,697.5
3089,795.0,
3090,860.0,516.0
3091,795.0,795.0
3092,860.0,860.0
3093,855.0,
3094,840.0,840.0
3095,850.0,510.0
3096,900.0,630.0
3097,850.0,595.0
3098,860.0,860.0
3099,780.0,
3100,790.0,
3101,795.0,398.0
3102,890.0,623.0
3103,918.0,918.0
3104,880.0,308.0
3105,853.0,768.0
3106,850.0,425.0
3107,839.0,671.0
3108,840.0,
3109,880.0,880.0
3110,799.0,
3111,929.0,697.0
3112,800.0,
3113,839.0,587.0
3114,795.0,795.0
3115,895.0,
3116,846.0,762.0
3117,850.0,
3118,820.0,820.0
3119,880.0,880.0
3120,940.0,564.0
3121,803.0,321.2
3122,830.0,830.0
3123,895.0,895.0
3124,950.0,950.0
3125,799.0,
3126,825.0,825.0
3127,945.0,851.0
3128,795.0,795.0
3129,930.0,418.5
3130,795.0,795.0
3131,775.0,775.0
3132,845.0,845.0
3133,920.0,450.0
3134,795.0,
3135,890.0,
3136,795.0,795.0
3137,840.0,840.0
3138,795.0,477.0
3139,790.0,
3140,850.0,850.0
3141,930.0,651.0
3142,850.0,425.0
3143,796.0,717.0
3144,912.0,730.0
3145,850.0,850.0
3146,845.0,
3147,790.0,
3148,850.0,850.0
3149,780.0,390.0
3150,780.0,780.0
3151,825.0,825.0
3152,850.0,
3153,780.0,
3154,790.0,790.0
3155,799.0,599.25
3156,895.0,448.0
3157,912.0,
3158,873.0,611.0
3159,950.0,
3160,815.0,611.25
3161,895.0,448.0
3162,855.0,855.0
3163,795.0,
3164,897.0,897.0
3165,836.0,836.0
3166,780.0,
3167,830.0,415.0
3168,900.0,
3169,945.0,851.0
3170,790.0,
3171,825.0,578.0
3172,795.0,795.0
3173,814.0,407.0
3174,850.0,850.0
3175,820.0,820.0
3176,855.0,513.0
3177,830.0,415.0
3178,890.0,890.0
3179,835.0,501.0
3180,798.0,798.0
3181,895.0,895.0
3182,945.0,378.0
3183,795.0,
3184,1072.0,1072.0
3185,1205.0,
3186,1150.0,1150.0
3187,1230.0,1230.0
3188,1203.0,662.0
3189,951.0,870.0
3190,1088.0,979.0
3191,1235.0,494.0
3192,995.0,
3193,1020.0,
3194,995.0,
3195,990.0,990.0
3196,1217.0,487.0
3197,1043.0,1043.0
3198,1140.0,569.97
3199,1195.0,717.0
3200,990.0,990.0
3201,1050.0,1050.0
3202,1100.0,
3203,1060.0,1060.0
3204,965.0,
3205,995.0,
3206,1100.0,1100.0
3207,1055.0,1055.0
3208,1090.0,1090.0
3209,1205.0,1205.0
3210,1052.0,1052.0
3211,994.0,
3212,1029.0,1029.0
3213,1112.5,1104.0
3214,1125.0,1125.0
3215,1175.0,705.0
3216,1045.0,
3217,1170.0,1170.0
3218,975.0,975.0
3219,1100.0,1100.0
3220,1090.0,654.0
3221,995.0,498.0
3222,1095.0,1095.0
3223,995.0,597.0
3224,1016.0,
3225,995.0,
3226,967.0,967.0
3227,1235.0,865.0
3228,1195.0,1076.0
3229,1052.0,526.0
3230,1200.0,1200.0
3231,1040.0,1040.0
3232,1175.0,705.0
3233,980.0,980.0
3234,1095.0,548.0
3235,980.0,980.0
3236,995.0,995.0
3237,1170.0,1170.0
3238,1170.0,585.0
3239,1140.0,570.0
3240,1046.0,942.0
3241,970.0,970.0
3242,995.0,995.0
3243,1170.0,468.0
3244,1080.0,864.0
3245,1150.0,1150.0
3246,990.0,594.0
3247,975.0,683.0
3248,1100.0,
3249,1120.0,672.0
3250,1013.0,710.0
3251,972.0,972.0
3252,954.0,477.0
3253,1049.0,787.0
3254,960.0,
3255,1100.0,
3256,1199.0,
3257,970.0,970.0
3258,1131.0,791.7
3259,1175.0,1175.0
3260,1090.0,1090.0
3261,995.0,995.0
3262,1045.0,1045.0
3263,1025.0,513.0
3264,1050.0,1050.0
3265,1150.0,
3266,968.0,968.0
3267,1090.0,1090.0
3268,1100.0,1100.0
3269,1000.0,700.0
3270,1188.0,
3271,1190.0,1012.0
3272,995.0,821.0
3273,1190.0,
3274,1190.0,1190.0
3275,1170.0,
3276,1030.0,721.0
3277,1219.0,1219.0
3278,1190.0,
3279,1139.0,1139.0
3280,990.0,495.0
3281,995.0,995.0
3282,995.0,995.0
3283,1090.0,
3284,1180.0,1180.0
3285,1078.0,1078.0
3286,1090.0,545.0
3287,1150.0,1150.0
3288,1190.0,1190.0
3289,1080.0,
3290,1120.0,
3291,955.0,955.0
3292,1190.0,1190.0
3293,1220.0,1220.0
3294,1120.0,
3295,995.0,995.0
3296,1190.0,595.0
3297,1117.0,1117.0
3298,1157.0,1157.0
3299,995.0,564.0
3300,1090.0,1090.0
3301,960.0,960.0
3302,1075.0,1075.0
3303,1233.0,493.0
3304,975.0,
3305,990.0,990.0
3306,995.0,995.0
3307,965.0,483.0
3308,980.0,980.0
3309,1000.0,1000.0
3310,1025.0,1025.0
3311,1095.0,
3312,960.0,768.0
3313,1195.0,717.0
3314,979.0,930.0
3315,990.0,990.0
3316,997.0,997.0
3317,969.0,485.0
3318,1125.0,1125.0
3319,1025.0,1025.0
3320,995.0,995.0
3321,1200.0,1200.0
3322,995.0,
3323,1095.0,
3324,1100.0,
3325,1027.0,924.0
3326,1060.0,
3327,975.0,975.0
3328,995.0,398.0
3329,1055.0,1055.0
3330,1075.0,1075.0
3331,995.0,995.0
3332,1165.0,1165.0
3333,1100.0,1100.0
3334,954.0,668.0
3335,1020.0,510.0
3336,1195.0,
3337,1150.0,1150.0
3338,1060.0,1060.0
3339,1000.0,
3340,995.0,
3341,995.0,995.0
3342,995.0,995.0
3343,975.0,975.0
3344,964.0,964.0
3345,995.0,597.0
3346,959.0,480.0
3347,1196.0,1196.0
3348,1200.0,1200.0
3349,1095.0,274.0
3350,1050.0,1050.0
3351,1045.0,836.0
3352,980.0,588.0
3353,1200.0,1200.0
3354,970.0,970.0
3355,1160.0,1160.0
3356,1190.0,714.0
3357,1042.71,
3358,1200.0,540.0
3359,995.0,
3360,1244.0,1244.0
3361,1075.0,1075.0
3362,1071.0,964.0
3363,1120.0,1064.0
3364,1050.0,1050.0
3365,1190.0,714.0
3366,995.0,995.0
3367,1170.0,585.0
3368,990.0,990.0
3369,1235.0,988.0
3370,1100.0,550.0
3371,1045.0,626.98
3372,990.0,990.0
3373,985.0,
3374,1212.0,909.0
3375,995.0,995.0
3376,990.0,990.0
3377,1102.0,1102.0
3378,990.0,792.0
3379,995.0,
3380,995.0,995.0
3381,1165.0,1165.0
3382,989.0,989.0
3383,1350.0,810.0
3384,1695.0,1695.0
3385,1335.0,1001.25
3386,1590.0,1590.0
3387,1695.0,
3388,1490.0,
3389,1350.0,
3390,1260.0,1260.0
3391,1365.0,683.0
3392,1500.0,750.0
3393,1440.0,1440.0
3394,1615.0,969.0
3395,1290.0,
3396,1643.0,1643.0
3397,1325.0,1325.0
3398,1550.0,1550.0
3399,1650.0,1650.0
3400,1690.0,1690.0
3401,1500.0,1500.0
3402,1600.0,1600.0
3403,1350.0,405.0
3404,1390.0,1390.0
3405,1425.0,1425.0
3406,1325.0,
3407,1490.0,1490.0
3408,1385.0,
3409,1301.0,1301.0
3410,1301.0,1171.0
3411,1305.0,1305.0
3412,1290.0,903.0
3413,1750.0,1750.0
3414,1595.0,1595.0
3415,1495.0,1495.0
3416,1295.0,777.0
3417,1473.0,1399.0
3418,1595.0,1595.0
3419,1750.0,1400.0
3420,1695.0,1695.0
3421,1326.0,1061.0
3422,1490.0,446.0
3423,1269.0,1001.0
3424,1500.0,1500.0
3425,1245.0,1245.0
3426,1595.0,638.0
3427,1275.0,1275.0
3428,1690.0,1690.0
3429,1350.0,675.0
3430,1729.0,1296.75
3431,1290.0,
3432,1560.0,1248.0
3433,1315.0,986.25
3434,1585.0,
3435,1365.0,1024.0
3436,1375.0,
3437,1695.0,
3438,1770.0,1770.0
3439,1254.0,1254.0
3440,1395.0,558.0
3441,1260.0,
3442,1300.0,1300.0
3443,1495.0,1196.0
3444,1450.0,1450.0
3445,1685.0,1011.0
3446,1586.0,793.0
3447,1750.0,1575.0
3448,1490.0,447.0
3449,1350.0,1350.0
3450,1495.0,448.0
3451,1485.0,1485.0
3452,1650.0,1650.0
3453,1395.0,
3454,1750.0,1488.0
3455,1690.0,1690.0
3456,1600.0,
3457,1750.0,1750.0
3458,1510.0,1435.0
3459,1600.0,1600.0
3460,1295.0,
3461,1595.0,1117.0
3462,1677.0,1341.0
3463,1415.0,849.0
3464,1580.0,1580.0
3465,1387.0,1387.0
3466,1600.0,800.0
3467,1250.0,1250.0
3468,1250.0,1000.0
3469,1295.0,1295.0
3470,1750.0,1750.0
3471,1299.0,
3472,1309.0,1178.0
3473,1485.0,1485.0
3474,1670.0,
3475,1265.0,759.0
3476,1440.0,864.0
3477,1728.0,1037.0
3478,1395.0,698.0
3479,1569.0,1569.0
3480,1395.0,934.65
3481,1295.0,1036.0
3482,1295.0,
3483,1513.0,1059.0
3484,1595.0,1595.0
3485,1270.0,1270.0
3486,1550.0,1550.0
3487,1495.0,
3488,1750.0,
3489,1291.0,1033.0
3490,1420.0,1420.0
3491,1695.0,1695.0
3492,1470.0,1029.0
3493,1350.0,1350.0
3494,1495.0,1495.0
3495,1745.0,1047.0
3496,1595.0,1595.0
3497,1300.0,585.0
3498,1430.0,995.98
3499,1468.0,1174.4
3500,1350.0,945.0
3501,1495.0,1495.0
3502,1695.0,848.0
3503,1440.0,
3504,1700.0,
3505,1595.0,1595.0
3506,1466.0,1466.0
3507,1750.0,1750.0
3508,1545.0,1545.0
3509,1330.0,1330.0
3510,1400.0,700.0
3511,1745.0,1745.0
3512,1620.0,1620.0
3513,1550.0,697.5
3514,1501.0,1501.0
3515,1495.0,897.0
3516,1490.0,1490.0
3517,1500.0,1500.0
3518,1590.0,1590.0
3519,1650.0,1650.0
3520,1310.0,1310.0
3521,1750.0,875.0
3522,1275.0,
3523,1295.0,634.0
3524,1512.0,1512.0
3525,1295.0,1283.0
3526,1650.0,1650.0
3527,1491.0,1342.0
3528,1499.0,1499.0
3529,1550.0,
3530,1695.0,1695.0
3531,1350.0,810.0
3532,1297.0,1232.0
3533,1620.0,1620.0
3534,1566.0,1253.0
3535,1295.0,
3536,1350.0,1350.0
3537,1505.0,1354.0
3538,1550.0,
3539,1495.0,
3540,1500.0,1500.0
3541,1560.0,
3542,1300.0,1300.0
3543,1750.0,
3544,1290.0,
3545,1550.0,
3546,1590.0,1590.0
3547,1285.0,771.0
3548,1290.0,774.0
3549,1695.0,
3550,1321.0,
3551,1273.0,1146.0
3552,1250.0,1250.0
3553,1430.0,1430.0
3554,1250.0,1250.0
3555,1695.0,1695.0
3556,1250.0,750.0
3557,1290.0,1290.0
3558,1417.0,1134.0
3559,1700.0,
3560,1754.0,1544.0
3561,1595.0,
3562,1690.0,
3563,1579.0,1579.0
3564,1625.0,650.0
3565,1290.0,1290.0
3566,1250.0,
3567,1490.0,1043.0
3568,1539.0,1463.0
3569,1275.0,893.0
3570,1400.0,1400.0
3571,1500.0,
3572,1490.0,745.0
3573,1690.0,1690.0
3574,1285.0,
3575,1290.0,
3576,1355.0,542.0
3577,1350.0,1350.0
3578,1280.0,
3579,1760.0,
3580,1295.0,
3581,1650.0,1650.0
3582,2479.0,1240.0
3583,1950.0,1950.0
3584,1875.0,938.0
3585,2890.0,1156.0
3586,1895.0,
3587,2350.0,2350.0
3588,2394.0,1556.0
3589,1800.0,1260.0
3590,1790.0,1307.0
3591,2350.0,2350.0
3592,2011.0,1408.0
3593,2258.0,1355.0
3594,1885.0,848.25
3595,1985.0,993.0
3596,2900.0,2900.0
3597,2330.0,1165.0
3598,2700.0,2700.0
3599,2450.0,1715.0
3600,2758.0,2758.0
3601,2790.0,2790.0
3602,2100.0,
3603,2240.0,
3604,2279.0,683.7
3605,1850.0,
3606,2140.0,
3607,2400.0,1560.0
3608,2270.0,1702.5
3609,2195.0,768.0
3610,1890.0,1701.0
3611,1840.0,1104.0
3612,2520.0,
3613,2602.0,1561.0
3614,1850.0,1850.0
3615,2450.0,2450.0
3616,1990.0,1990.0
3617,1990.0,
3618,2600.0,1170.0
3619,1979.0,
3620,2390.0,1673.0
3621,1945.0,1945.0
3622,2116.0,635.0
3623,2875.0,2875.0
3624,2056.0,1234.0
3625,2490.0,1494.0
3626,1900.0,760.0
3627,1848.0,1570.8
3628,2775.0,
3629,1800.0,1800.0
3630,1840.0,1840.0
3631,1950.0,
3632,2750.0,2750.0
3633,2950.0,1180.0
3634,2450.0,2450.0
3635,1790.0,895.0
3636,2845.0,2418.25
3637,2100.0,2100.0
3638,2390.0,2390.0
3639,2795.0,1369.0
3640,1980.0,
3641,2080.0,2075.0
3642,2495.0,2246.0
3643,2510.0,
3644,1895.0,1327.0
3645,1909.0,
3646,1980.0,1980.0
3647,2890.0,2890.0
3648,1800.0,810.0
3649,1800.0,810.0
3650,2495.0,2495.0
3651,2340.0,
3652,2675.0,2541.0
3653,2420.0,2057.0
3654,1895.0,947.0
3655,2131.0,1491.0
3656,2100.0,2100.0
3657,2790.0,1674.0
3658,2640.0,2640.0
3659,1999.99,
3660,1995.0,498.0
3661,2200.0,990.0
3662,2095.0,
3663,2500.0,2500.0
3664,2347.0,2112.0
3665,1971.0,1971.0
3666,1790.0,1611.0
3667,2890.0,2890.0
3668,2930.0,2930.0
3669,2290.0,1374.0
3670,2190.0,2190.0
3671,1850.0,
3672,2539.0,2539.0
3673,2135.0,1814.75
3674,2800.0,2800.0
3675,1850.0,1850.0
3676,1790.0,1790.0
3677,2795.0,
3678,2400.0,
3679,1790.0,
3680,2590.0,2072.0
3681,2395.0,1173.0
3682,1790.0,1790.0
3683,1980.0,
3684,2845.0,2845.0
3685,2445.0,1467.0
3686,1790.0,1790.0
3687,2950.0,
3688,2595.0,1817.0
3689,2350.0,
3690,2195.0,2195.0
3691,2150.0,2150.0
3692,2090.0,2090.0
3693,1990.0,1990.0
3694,1940.0,1358.0
3695,2437.5,2422.4
3696,1850.0,
3697,2149.0,2149.0
3698,1790.0,894.0
3699,2340.0,1170.0
3700,2050.0,
3701,1970.0,1970.0
3702,2100.0,
3703,2300.0,
3704,2490.0,2490.0
3705,2069.0,1242.0
3706,1795.0,1795.0
3707,2790.0,2232.0
3708,2640.0,1584.0
3709,2259.0,1807.0
3710,2358.0,2358.0
3711,2410.0,2048.5
3712,2890.0,2890.0
3713,2275.0,910.0
3714,2350.0,
3715,1980.0,1980.0
3716,2003.0,2003.0
3717,2640.0,2112.0
3718,2825.0,1413.0
3719,2850.0,2850.0
3720,2200.0,
3721,2850.0,2850.0
3722,2100.0,945.0
3723,1790.0,1790.0
3724,2565.0,2052.0
3725,1940.0,1552.0
3726,2490.0,2490.0
3727,2765.0,2765.0
3728,2500.0,2500.0
3729,2190.0,2190.0
3730,2490.0,
3731,2810.0,2810.0
3732,1800.0,1800.0
3733,1990.0,
3734,2290.0,1603.0
3735,2575.0,2575.0
3736,2490.0,2490.0
3737,1990.0,
3738,2800.0,2800.0
3739,1990.0,1990.0
3740,2790.0,1395.0
3741,1895.0,
3742,2350.0,2350.0
3743,2590.0,1295.0
3744,2400.0,2400.0
3745,2478.0,
3746,2490.0,
3747,2742.0,2057.0
3748,1890.0,
3749,2050.0,
3750,1790.0,1253.0
3751,2923.0,1462.0
3752,1950.0,
3753,1980.0,
3754,2490.0,2490.0
3755,1900.0,1900.0
3756,2275.0,
3757,1872.0,1872.0
3758,2910.0,
3759,2499.0,
3760,2180.0,
3761,2670.0,2670.0
3762,2760.0,2760.0
3763,2200.0,2200.0
3764,2500.0,
3765,2635.0,2635.0
3766,2900.0,
3767,1850.0,1850.0
3768,1800.0,810.0
3769,2678.0,
3770,1890.0,1890.0
3771,1890.0,1890.0
3772,1795.0,898.0
3773,2195.0,2195.0
3774,1850.0,1850.0
3775,2785.0,
3776,1990.0,1592.0
3777,2095.0,2095.0
3778,2150.0,2150.0
3779,1875.0,
3780,1995.0,
3781,3040.0,1824.0
3782,2995.0,1797.0
3783,3395.0,1698.0
3784,4995.0,4995.0
3785,4085.0,3144.0
3786,3495.0,
3787,6880.0,
3788,4495.0,4495.0
3789,2995.0,
3790,5095.0,2038.0
3791,3650.0,3285.0
3792,13145.0,
3793,3700.0,3700.0
3794,16950.0,
3795,2995.0,1592.0
3796,3200.0,3200.0
3797,,60.0
3798,3888.0,
3799,,250.0
3800,,215.0
3801,4245.0,4245.0
3802,3200.0,3200.0
3803,9495.0,3798.0
3804,,1295.0
3805,5390.0,3773.0
3806,4490.0,
3807,3995.0,3995.0
3808,4400.0,
3809,,195.0
3810,,350.0
3811,3999.0,2999.25
3812,,650.0
3813,3290.0,3290.0
3814,,30.0
3815,3800.0,1710.0
3816,4695.0,2816.98
3817,2990.0,2990.0
3818,4471.0,1341.0
3819,3248.0,2924.0
3820,2950.0,
3821,4900.0,2205.0
3822,5510.0,
3823,,415.0
3824,3445.0,3445.0
3825,27500.0,
3826,7279.0,2911.6
3827,3565.0,
3828,,1107.0
3829,6480.0,
3830,2995.0,2995.0
3831,,30.0
3832,,352.0
3833,15000.0,
3834,4005.0,4005.0
3835,,45.0
3836,7275.0,5456.25
3837,13719.0,5487.6
3838,4435.0,2661.0
3839,7249.0,
3840,,275.0
3841,,495.0
3842,,154.0
3843,6295.0,2518.0
3844,,495.0
3845,4600.0,4600.0
3846,6160.0,
3847,6295.0,2518.0
3848,3140.0,
3849,6300.0,
3850,3445.0,3445.0
3851,9000.0,
3852,,450.0
3853,3000.0,1350.0
3854,3540.0,
3855,,82.0
3856,3450.0,3450.0
3857,,127.0
3858,3705.0,3705.0
3859,12950.0,
3860,3337.0,3337.0
3861,,625.0
3862,5390.0,2156.0
3863,2995.0,
3864,3350.0,3350.0
3865,,45.0
3866,,10.0
3867,3700.0,
3868,3890.0,3890.0
3869,,65.0
3870,6295.0,2518.0
3871,,110.0
3872,9495.0,
3873,7250.0,
3874,5400.0,
3875,,650.0
3876,6500.0,
3877,6295.0,2518.0
3878,7900.0,
3879,3445.0,3445.0
3880,4400.0,4400.0
3881,,198.0
3882,8600.0,6880.0
3883,51950.0,
3884,3660.0,3660.0
3885,3300.0,
3886,4750.0,4750.0
3887,3400.0,1700.0
3888,4300.0,4300.0
3889,,330.0
3890,4600.0,
3891,23500.0,
3892,,980.0
3893,,350.0
3894,,1065.0
3895,,162.0
3896,20212.0,
3897,3695.0,1478.0
3898,,265.0
3899,6000.0,2700.0
3900,3431.0,2745.0
3901,3160.0,1896.0
3902,3600.0,
3903,12050.0,
3904,,13.0
3905,,50.0
3906,3600.0,3600.0
3907,4059.0,4059.0
3908,20000.0,
3909,3795.0,2657.0
3910,3000.0,
3911,4890.0,4890.0
3912,3800.0,
3913,6400.0,
3914,3447.0,3102.0
3915,2998.0,
3916,,85.0
3917,3238.0,
3918,3980.0,3980.0
3919,4150.0,
3920,,35.0
3921,,420.0
3922,7500.0,
3923,7795.0,
3924,3421.0,2395.0
3925,3350.0,3350.0
3926,3600.0,3600.0
3927,,365.0
3928,3400.0,2040.0
3929,3503.0,2802.0
3930,15995.0,
3931,3900.0,3900.0
3932,23500.0,
3933,3700.0,1665.0
3934,,735.0
3935,,2250.0
3936,5900.0,5900.0
3937,3200.0,
3938,,47.0
3939,3780.0,3780.0
3940,5100.0,5100.0
3941,5990.0,2396.0
3942,,154.0
3943,9800.0,
3944,2990.0,1495.0
3945,3970.0,
3946,3330.0,
3947,4500.0,4500.0
3948,,20.0
3949,4300.0,4300.0
3950,3937.0,3937.0
3951,4890.0,4890.0
3952,8495.0,8495.0
3953,65200.0,
3954,,63.0
3955,,865.0
3956,6998.0,6298.2
3957,,260.0
3958,,70.0
3959,,2.0
3960,3800.0,3800.0
3961,,890.0
3962,3065.0,2298.75
3963,,195.0
3964,,55.0
3965,,35.0
3966,3900.0,
3967,6300.0,
3968,,140.0
3969,3500.0,
3970,6280.0,6280.0
3971,,15.0
3972,6900.0,6900.0
3973,3600.0,
3974,,240.0
3975,4195.0,4195.0
3976,47950.0,
3977,4500.0,
3978,31950.0,
3979,3260.0,2445.0
